{
  "num_render_threads": -1,
  "ior": 1.0,

  "cameras": [
    {
      "focal_length": 42,
      "sensor_width": 35,
      "eye": [ -12, -0.05, 2 ],
      "look_at": [ 8, -1.95, -0.4 ],
      "image":  { "width": 960, "height": 540, "exposure_compensation": -2, "gain_compensation": 0.0, "tonemapper": "ACES" },
      "focus_distance": 17,
      "f_stop": 0.4,
      "sqrtspp": 4,
      "savename": "stanford_dragon_frosted"
    }
  ],

  "bvh": {
    "type": "octree",
    "bins_per_axis": 32
  },

  "vertices": {
    "room": [
      [-2.04543876647949,  -4.98, -5.90267705917358],
      [-2.04543876647949,   2.61, -5.90267705917358],
      [11.25910472869873,  -4.98, -7.49927568435669],
      [11.25910472869873,   2.61, -7.49927568435669],
      [-0.44884020090103,  -4.98, 7.40186643600464],
      [-0.44884020090103,   2.61, 7.40186643600464],
      [12.85570335388184,  -4.98, 5.80526781082153],
      [12.85570335388184,   2.61, 5.80526781082153]
    ],
    "light": [
      [4.23229265213013, 2.5, -0.97021371126175],
      [4.48362302780151, 2.5, 1.12413489818573],
      [6.32664108276367, 2.5, -1.2215439081192],
      [6.57797145843506, 2.5, 0.87280458211899]
    ]
  },

  "materials": {
    "default": {
      "specular_roughness": 0.02,
      "reflectance": 0.9,
      "ior": 1.5
    },
    "floor": {
      "reflectance": 0.9
    },
    "roof": {
      "reflectance": 0.9
    },
    "backwall": {
      "reflectance": 0.9
    },
    "leftwall": {
      "reflectance": "#a2bf82",
      "specular_roughness": 0.02,
      "ior": 1.5
    },
    "rightwall": {
      "reflectance": "#8caabf",
      "specular_roughness": 0.02,
      "ior": 1.5
    },
    "brass": {
      "specular_roughness": 0.02,
      "ior": "data/spectral-distributions/brass.csv"
    },
    "glass": {
      "ior": 1.5,
      "transparency": 1.0
    },
    "smallsphere": {
      "transmittance": "#ffa352",
      "specular_roughness": 0.05,
      "transparency": 0.707,
      "ior": 1.5
    },
    "rightsphere": {
      "specular_roughness": 0.02,
      "reflectance": 0.9,
      "ior": 1.5
    },
    "dragon": {
      "transmittance": "#ffa352",
      "specular_reflectance": 1.0,
      "specular_roughness": 0.2,
      "transparency": 1.0,
      "ior": 1.5
    },
    "light": {
      "emittance": { "illuminant": "E", "scale": 20 }
    },
    "glow-sphere": {
      "emittance": { "illuminant": "E", "scale": 12 }
    }
  },

  "surfaces": [
    {
      "type": "object",
      "material": "light",
      "origin": [0.0, 0.1, 0.0],
      "vertex_set": "light",
      "triangles": [
        [0, 2, 3],
        [0, 3, 1]
      ]
    },
    {
      "type": "object",
      "vertex_set": "room",
      "material": "floor",
      "triangles": [
        [4, 0, 2],
        [6, 4, 2]
      ]
    },
    {
      "type": "object",
      "vertex_set": "room",
      "material": "leftwall",
      "triangles": [
        [6, 7, 4],
        [7, 5, 4]
      ]
    },
    {
      "type": "object",
      "vertex_set": "room",
      "material": "rightwall",
      "triangles": [
        [0, 1, 2],
        [1, 3, 2]
      ]
    },
    {
      "type": "object",
      "vertex_set": "room",
      "material": "backwall",
      "triangles": [
        [2, 3, 6],
        [3, 7, 6]
      ]
    },
    {
      "type": "object",
      "vertex_set": "room",
      "material": "roof",
      "triangles": [
        [5, 7, 1],
        [7, 3, 1]
      ]
    },
    {
      "type": "object",
      "material": "dragon",
      "smooth":  true,
      "file": "data/stanford_dragon_fullres.obj"
    },
    {
      "type": "sphere",
      "radius": 1.5,
      "material": "glow-sphere",
      "origin": [9.5, -3.48, -3.25]
    },
    {
      "type": "sphere",
      "radius": 1.25,
      "material": "rightsphere",
      "origin": [5.72, -3.73, 3.5]
    },
    {
      "type": "sphere",
      "radius": 0.76,
      "material": "glass",
      "origin": [4.33, -4.21, 2.115]
    },
    {
      "type": "sphere",
      "radius": 0.48,
      "material": "smallsphere",
      "origin": [3.7, -4.5, 1.08]
    },
    {
      "type": "sphere",
      "radius": 0.75,
      "material": "brass",
      "origin": [6.5, -4.23, -4.6]
    }
  ]
}